{
  "N": 20,
  "D_MAX": 100,
  "J": 1.0,
  "h": 0.5,
  "b": 0.5,
  "n_random_target": 6,
  "states_completed": 6,
  "omega_current": 0.07213190026989084,
  "partial_C_real": [
    6.0,
    6.0000000000000195,
    1.025496371230096,
    0.4917156281512102,
    2.9103262644283117,
    1.3673838714205293,
    1.0311373980698206,
    1.0305291571529542,
    1.0273414296245302,
    1.3708191805769632,
    1.2081491827922703,
    1.140647433960484,
    1.3040087869306962,
    1.3518168756240696,
    1.4039594487316442,
    1.5363964334774802,
    1.402679628291449,
    1.3694281754428317,
    1.2379372516848042,
    1.1678346939512625,
    1.199807012287629,
    1.0913778096932776,
    0.9937359675530395,
    1.0184356427121801,
    1.0544593364964183,
    0.9724358593819877,
    0.9255751266740534,
    0.9129189878839853,
    0.9112710192700249,
    0.9210582510281594,
    0.9628814951852199,
    0.9876211838719887,
    0.9659698197028389,
    0.9578823202915299,
    0.8887664285469113,
    0.8449831675843498,
    0.8341344358879288,
    0.802017387407806,
    0.7433635316004528,
    0.741794578989746,
    0.7449083902791679,
    0.7089129127916046,
    0.6898845927346486,
    0.6873191521468763,
    0.680421855935317,
    0.6788579954605903,
    0.705013927646722,
    0.7059806974835612,
    0.698217033968013,
    0.6861505369528188,
    0.652983680597755,
    0.6345562502917833,
    0.6194859835132173,
    0.6085948633893086,
    0.5763395868164565,
    0.5718168999312745,
    0.5563947869681987,
    0.5362613842042042,
    0.5279538869289754,
    0.5260898993119796,
    0.523588843221439,
    0.5162335348438936,
    0.5201021904828352,
    0.5195769330667177,
    0.517905702647682,
    0.5131268836423379,
    0.49905827905462447,
    0.4834650238921346,
    0.47243041603516933,
    0.46269068292803617,
    0.44479212026763015,
    0.44466817604180475,
    0.43152639540202253,
    0.4214869658733003,
    0.413482525305806,
    0.41147129641084534,
    0.4027174781218146,
    0.4010974094515499,
    0.4006921359240827,
    0.39966160941805207,
    0.39872335696046207,
    0.3934016115883343,
    0.38204554607022717,
    0.3752828170521925,
    0.366609276844563,
    0.3638693763519369,
    0.3516536751124577,
    0.34893812236540594,
    0.34254848784027314,
    0.33130415955034714,
    0.3278830364011721,
    0.32294547972425874,
    0.3175294534861049,
    0.3173485784472445,
    0.31564064183147866,
    0.3103136114522928,
    0.31139920629606255,
    0.30565942901963405,
    0.29824882029406724,
    0.2936024472603278,
    0.28703230999076623
  ],
  "partial_C_imag": [
    0.0,
    -1.6534083130403943e-18,
    -0.00016393795396045155,
    0.00014446175814358987,
    -0.002745019542113353,
    -0.0008250481575390768,
    0.00381618953559884,
    7.185492268153425e-05,
    -0.0009511922214852567,
    0.0014856387178981067,
    0.00032014844116436787,
    0.001301663373526048,
    0.003401634208021913,
    0.0026717643757310228,
    0.002496297939166334,
    -0.00016251884642735242,
    0.00036734065869599013,
    1.9339133113894282e-05,
    0.0001241509812708936,
    0.0027734288077266135,
    0.0034734967019952705,
    0.003562347216775774,
    0.0025586012767164,
    -0.0018529181214107238,
    -0.0004940880355034003,
    -0.0020637815232181357,
    0.0003885753751572778,
    -0.0016263563223525986,
    0.0008573916284133737,
    0.0006528259881656101,
    -0.00044312542852223196,
    -0.0012465041264229384,
    -0.0004638114189563598,
    0.002719004427057397,
    -0.0031906514993599302,
    -0.0011103658696848477,
    -0.0011276664612604398,
    -0.0010031770185758146,
    -0.0025966816037830106,
    -0.001910758372573012,
    0.0015021619724893689,
    -0.0012061023584837203,
    -0.0006687509001255413,
    -0.0004913484024955503,
    -0.0008464146698995456,
    0.00022012547247186648,
    -0.00034801456822799635,
    -0.001813824339078298,
    -0.0026394121205111382,
    -0.0007358220800600181,
    0.00047187017772439796,
    0.0021780160566593704,
    -7.064932550769859e-05,
    -0.0012344278864848072,
    -0.000222756747633687,
    -0.0008812844986052561,
    -0.0018980102683081135,
    -0.0018243638071316118,
    -0.0010529675567598944,
    -0.0009093254439198372,
    -0.0029946530674004315,
    -0.0008114944030471307,
    -0.0004799775867519967,
    -0.00014577706453264869,
    -0.0029261054133809857,
    0.0007676168543734787,
    -0.00012078029514859992,
    -0.0006855185289354913,
    -0.0020777170017253783,
    0.0006842600645251821,
    -0.0018176175132834085,
    -9.405565388298509e-05,
    -0.00014073131062852605,
    0.0028090804248194455,
    0.002439323826652629,
    0.001994329444064514,
    0.0014817367967616423,
    0.0013605456231749321,
    0.0022970365282565007,
    0.000870962886384846,
    -0.0007514305971837695,
    -0.0016878845153091419,
    0.00019326039017895507,
    0.0004648426417553582,
    -8.436180903484273e-05,
    0.0016693518363170654,
    -0.002303653696902626,
    -0.0011530720041749607,
    -0.0017691342820627804,
    -0.0029894554234584938,
    -0.0010096795505974798,
    0.00010132938661099045,
    -0.00038813110471366846,
    -0.0006122879896543994,
    -0.000924564116586007,
    -0.0004037719015494858,
    0.0009846694862827932,
    0.00021521354613880184,
    0.0014268930112809322,
    0.0012033787440859857,
    -0.0020121148045216843
  ],
  "time_so_far_s": 38994.52295708656,
  "complete": true,
  "omega_late": 0.07213190026989084
}