{
  "J=0.3": {
    "J": 0.3,
    "omegas": {
      "4": 0.1553916078429027,
      "6": 0.15736423730019744,
      "8": 0.1549405822781822,
      "10": 0.1428719321277618,
      "12": 0.12903018854954704
    },
    "fits": {
      "algebraic": {
        "A": 4.105071406070731,
        "c": 0.16935993184765338,
        "R2": 0.622989335947612
      },
      "powerlaw": {
        "alpha": 0.1431292588988105,
        "R2": 0.619224046178334
      },
      "delta_AIC": -0.04968840393804186,
      "monotonic": false
    }
  },
  "J=0.6": {
    "J": 0.6,
    "omegas": {
      "4": 0.1367698356176016,
      "6": 0.04623413607980271,
      "8": 0.04292000728091928,
      "10": 0.0323503146782629,
      "12": 0.027825558858754342
    },
    "fits": {
      "algebraic": {
        "A": 0.46446371208410103,
        "c": 1.9164321255483112,
        "R2": 0.9332006754905022
      },
      "powerlaw": {
        "alpha": 1.782027823842443,
        "R2": 0.9398212125036496
      },
      "delta_AIC": 0.5218652265479378,
      "monotonic": true
    }
  },
  "J=0.8": {
    "J": 0.8,
    "omegas": {
      "4": 0.21769375819281436,
      "6": 0.05328920727962709,
      "8": 0.03783512918508788,
      "10": 0.030226754894479575,
      "12": 0.022373110388642807
    },
    "fits": {
      "algebraic": {
        "A": 0.04890002382180767,
        "c": 3.115969635487324,
        "R2": 0.9702484418939141
      },
      "powerlaw": {
        "alpha": 2.7612450740918923,
        "R2": 0.9760262647646977
      },
      "delta_AIC": 1.0796131901831885,
      "monotonic": true
    }
  },
  "J=0.9": {
    "J": 0.9,
    "omegas": {
      "4": 0.19592984291943508,
      "6": 0.12121771171615718,
      "8": 0.08897070560685866,
      "10": 0.07429193751367358,
      "12": 0.05841281654702837
    },
    "fits": {
      "algebraic": {
        "A": 0.7253602926497292,
        "c": 1.2604505422192613,
        "R2": 0.9957583466622484
      },
      "powerlaw": {
        "alpha": 1.1034721260709244,
        "R2": 0.9977302931408576
      },
      "delta_AIC": 3.126512225869682,
      "monotonic": true
    }
  }
}