{
  "J=0.5": {
    "J": 0.5,
    "h": 0.5,
    "b": 0.5,
    "omegas": {
      "4": 0.0666864095735981,
      "6": 0.050416058843369145,
      "8": 0.05636909846350104,
      "10": 0.04762842713314107,
      "12": 0.04395102250951682
    },
    "fits": {
      "algebraic": {
        "A": 8.818602662414667,
        "c": 0.3557269896111014,
        "R2": 0.7868885725016166,
        "AIC": -52.074424259097
      },
      "powerlaw": {
        "B": 0.10331115651101483,
        "alpha": 0.33648778198686063,
        "R2": 0.7874441745460878,
        "AIC": -52.0874767632805
      },
      "delta_AIC": 0.01305250418349857,
      "monotonic": false
    }
  },
  "J=0.7": {
    "J": 0.7,
    "h": 0.5,
    "b": 0.5,
    "omegas": {
      "4": 0.16766963610198202,
      "6": 0.053471104568873884,
      "8": 0.03222930021459766,
      "10": 0.022532795527832085,
      "12": 0.01442497039739347
    },
    "fits": {
      "algebraic": {
        "A": 0.11615139603216894,
        "c": 2.718558496423821,
        "R2": 0.9909387611321516,
        "AIC": -48.282953240026174
      },
      "powerlaw": {
        "B": 5.196719116748865,
        "alpha": 2.4830865131506292,
        "R2": 0.9934786272227868,
        "AIC": -49.927557983319964
      },
      "delta_AIC": 1.6446047432937902,
      "monotonic": true
    }
  },
  "J=1.0": {
    "J": 1.0,
    "h": 0.5,
    "b": 0.5,
    "omegas": {
      "4": 0.2800675481772961,
      "6": 0.21509279547893187,
      "8": 0.1587308291827559,
      "10": 0.13484005557074455,
      "12": 0.11890311314777406
    },
    "fits": {
      "algebraic": {
        "A": 0.641723845554263,
        "c": 0.9939221902604509,
        "R2": 0.9942860435856958,
        "AIC": -50.111196955269435
      },
      "powerlaw": {
        "B": 0.8492168869623207,
        "alpha": 0.7920036253601951,
        "R2": 0.9924484384341018,
        "AIC": -48.71698347580174
      },
      "delta_AIC": -1.3942134794676946,
      "monotonic": true
    }
  }
}