{
  "alpha": 1.0,
  "J0": 1.0,
  "h": 0.5,
  "b": 0.5,
  "omegas": {
    "4": 0.15520600638653034,
    "6": 0.056151361099471414,
    "8": 0.006521039453464604,
    "10": 0.0010850073943108685,
    "12": 0.00027382511280918897
  },
  "fits": {
    "algebraic": {
      "A": 0.04778969043394256,
      "c": 3.4061882633649834,
      "R2": 0.9820964136180566,
      "AIC": -44.339642330267836
    },
    "powerlaw": {
      "B": 12.44325970963918,
      "alpha_fit": 3.1548230192955007,
      "R2": 0.9795374500197559,
      "AIC": -43.67166565070873
    },
    "delta_AIC": -0.6679766795591036,
    "monotonic": true
  }
}