{
  "model": "KI_chaotic",
  "J": 1.0,
  "h": 0.5,
  "b": 0.5,
  "BC": "OBC",
  "r=1 (V=Z_1)": {
    "W_site": 0,
    "V_site": 1,
    "omegas": {
      "4": 0.2800675481772961,
      "6": 0.2150927954789319,
      "8": 0.15873082918275594,
      "10": 0.13484005557074447,
      "12": 0.11890311314777412
    },
    "fit": {
      "c": 0.993922187689778,
      "A": 0.6417238486228394,
      "R2": 0.9942860435856957
    }
  },
  "r=2 (V=Z_2)": {
    "W_site": 0,
    "V_site": 2,
    "omegas": {
      "4": 0.3260294310890633,
      "6": 0.2522633429928772,
      "8": 0.19142033884373658,
      "10": 0.1621102414449549,
      "12": 0.13975861241852566
    },
    "fit": {
      "c": 1.0062155688253263,
      "A": 0.5068049604192522,
      "R2": 0.9968011288626677
    }
  },
  "comparison": {
    "diff_pct_per_N": {
      "4": 14.097464378671845,
      "6": 14.73481920636993,
      "8": 17.07734395333313,
      "10": 16.8220006528521,
      "12": 14.922514548367863
    },
    "mean_diff_pct": 15.530828547918972,
    "c_r1": 0.993922187689778,
    "c_r2": 1.0062155688253263,
    "autonomous": false
  },
  "total_time_s": 6314.7924284935
}