{
  "4": {
    "N": 4,
    "D_MAX": 20,
    "seeds_completed": 10,
    "omega_per_seed": [
      0.12867430133172797,
      0.12427380861689259,
      0.13394068081232427,
      0.13111666995505175,
      0.15596745289355354,
      0.12724251317863836,
      0.11744357669587054,
      0.11084107787589394,
      0.1614918014750219,
      0.11913419818978585
    ],
    "omega_mean": 0.13101260810247606,
    "omega_std": 0.015354180296245586
  },
  "6": {
    "N": 6,
    "D_MAX": 30,
    "seeds_completed": 10,
    "omega_per_seed": [
      0.028329329403434463,
      0.019697521216084726,
      0.03386056226391326,
      0.01940448405536959,
      0.027663385870393978,
      0.027139609977617017,
      0.022730673891243777,
      0.026241764150133285,
      0.03175161210758033,
      0.0293611149633553
    ],
    "omega_mean": 0.026618005789912573,
    "omega_std": 0.0045366024137677525
  },
  "8": {
    "N": 8,
    "D_MAX": 40,
    "seeds_completed": 10,
    "omega_per_seed": [
      0.007654506121597239,
      0.006680894114690829,
      0.005929485978560751,
      0.006507165038000003,
      0.006210745820970083,
      0.0065102292233526005,
      0.007515367695304826,
      0.007979086863563531,
      0.006220950870748996,
      0.004841706876555759
    ],
    "omega_mean": 0.006605013860334461,
    "omega_std": 0.000878129384935378
  },
  "10": {
    "N": 10,
    "D_MAX": 50,
    "seeds_completed": 10,
    "omega_per_seed": [
      0.00147478929465784,
      0.0018868741825309198,
      0.0016236422201501793,
      0.0012924545262129534,
      0.0016922663834446345,
      0.002121468037462933,
      0.0018103431963212633,
      0.002020000002736999,
      0.0023338761270607546,
      0.0018078658807449445
    ],
    "omega_mean": 0.0018063579851323422,
    "omega_std": 0.00029157334694232225
  },
  "12": {
    "N": 12,
    "D_MAX": 60,
    "seeds_completed": 4,
    "omega_per_seed": [
      0.0005911776268870072,
      0.0006133516909999317,
      0.00032050585885113323,
      0.0004795447487485126
    ],
    "omega_mean": 0.0005011449813716462,
    "omega_std": 0.00011596689783991745
  }
}