{
  "metadata": {
    "model": "SYK q=4 (2-body Pauli, all-to-all)",
    "q_body": 4,
    "protocol": "D_MAX=5N, seeds 42-51, omega_late = mean(|C(d)| for d>=D_MAX/2) / C(0)",
    "W": "Z_0",
    "V": "Z_1 (r=1)",
    "boundary": "N/A (all-to-all)",
    "sources": {
      "N=4,6,8": "paper1b_5models_N4-8_D5N.json",
      "N=10": "paper1b_5models_N10-12_D5N.json",
      "N=12": "syk_n12_results.json"
    }
  },
  "data": {
    "4": {
      "N": 4,
      "D_MAX": 20,
      "n_seeds": 10,
      "seeds": [
        42,
        43,
        44,
        45,
        46,
        47,
        48,
        49,
        50,
        51
      ],
      "omega_per_seed": [
        0.07081182131156148,
        0.07327762854740326,
        0.07095794370918446,
        0.08382324207458314,
        0.07397720182168298,
        0.07936941431355432,
        0.07842230235466209,
        0.06745069334839231,
        0.07275726813312293,
        0.04788635107332626
      ],
      "omega_mean": 0.07187338666874732,
      "omega_std": 0.009197608389736836
    },
    "6": {
      "N": 6,
      "D_MAX": 30,
      "n_seeds": 10,
      "seeds": [
        42,
        43,
        44,
        45,
        46,
        47,
        48,
        49,
        50,
        51
      ],
      "omega_per_seed": [
        0.01972419766822936,
        0.013561052679092848,
        0.0214865159493791,
        0.013802349626518131,
        0.013731713640061326,
        0.011497257005300077,
        0.015368648254670509,
        0.014640706955901644,
        0.018859555833381055,
        0.018775662888510385
      ],
      "omega_mean": 0.016144766050104443,
      "omega_std": 0.0031318928584544246
    },
    "8": {
      "N": 8,
      "D_MAX": 40,
      "n_seeds": 10,
      "seeds": [
        42,
        43,
        44,
        45,
        46,
        47,
        48,
        49,
        50,
        51
      ],
      "omega_per_seed": [
        0.005180539738044454,
        0.0045436285707279875,
        0.004382991210817183,
        0.0049263843937700025,
        0.006684881291326201,
        0.0051509183830851174,
        0.005789034178002552,
        0.004385714266587431,
        0.005456083402515089,
        0.004667715883913915
      ],
      "omega_mean": 0.005116789131878994,
      "omega_std": 0.0006834134614583776
    },
    "10": {
      "N": 10,
      "D_MAX": 50,
      "n_seeds": 10,
      "seeds": [
        42,
        43,
        44,
        45,
        46,
        47,
        48,
        49,
        50,
        51
      ],
      "omega_per_seed": null,
      "omega_mean": 0.0012474690347940205,
      "omega_std": 0.00019458334868078885,
      "note": "Per-seed data not available in source JSON. Only mean and std."
    },
    "12": {
      "N": 12,
      "D_MAX": 60,
      "n_seeds": 10,
      "seeds": [
        42,
        43,
        44,
        45,
        46,
        47,
        48,
        49,
        50,
        51
      ],
      "omega_per_seed": [
        0.00031365810428385415,
        0.0003507240347741216,
        0.00030836647784953687,
        0.00039459431238602147,
        0.00037968855702684906,
        0.00027891754022887325,
        0.00030002783751669165,
        0.00029259114190553233,
        0.0003351284208493225,
        0.0003459027890218499
      ],
      "omega_mean": 0.0003299599215842653,
      "omega_std": 3.604481178477441e-05
    }
  },
  "fits": {
    "algebraic": {
      "A": 0.05783613482833372,
      "c": 3.9006878419150173,
      "R2": 0.9995619601925464,
      "AIC": -70.76438438909393
    },
    "powerlaw": {
      "B": 13.476655357587555,
      "alpha": 3.7746985787518073,
      "R2": 0.9994426245574812,
      "AIC": -69.5597380589083
    },
    "delta_AIC": -1.2046463301856392,
    "Ns": [
      4.0,
      6.0,
      8.0,
      10.0,
      12.0
    ],
    "Omegas": [
      0.07187339,
      0.01614477,
      0.00511679,
      0.00124747,
      0.0003299599215842653
    ]
  },
  "summary": {
    "series": {
      "N": [
        4,
        6,
        8,
        10,
        12
      ],
      "omega_mean": [
        0.07187338666874732,
        0.016144766050104443,
        0.005116789131878994,
        0.0012474690347940205,
        0.0003299599215842653
      ]
    },
    "algebraic_fit": {
      "form": "Omega = 1/(1 + A * N^c)",
      "A": 0.05783613482833372,
      "c": 3.9006878419150173,
      "R2": 0.9995619601925464
    },
    "powerlaw_fit": {
      "form": "Omega = B * N^(-alpha)",
      "B": 13.476655357587555,
      "alpha": 3.7746985787518073,
      "R2": 0.9994426245574812
    },
    "delta_AIC": -1.2046463301856392
  }
}